id,historical_popularity_index
6217,23.295574518063376
3763,22.94628910780016
4990,20.622106982392978
7714,21.333537723551302
6032,22.109872574319976
9480,22.06279090091482
8052,21.918568400716296
6766,21.48709209258807
4109,21.52609933373679
6958,22.51500749467396
2505,22.372659304636002
7206,21.49916445195471
10198,22.07565847632285
5328,21.085370536119047
399,22.377595228428337
5839,22.613093242029823
8629,21.32255534730517
4265,20.00832096000637
5925,21.87941752888663
7550,30.11191129991549
9893,21.839806097910547
2666,21.48935711057016
3812,26.133742330151843
3760,22.006017750522748
2710,23.107749360604345
7730,23.320244265134463
6615,22.107375202185384
2231,22.28911550414103
11239,28.150315394573397
2488,25.56805160093137
7016,24.61702163196428
9746,22.248547442567602
2574,21.36542309961804
7132,20.225457694210597
5199,21.482020194167944
1183,22.083959238927775
9833,21.945695467308564
6387,21.541882038395094
5786,21.42352753389881
7320,22.304409100756363
490,21.39791947308069
7084,21.34547992879713
1182,25.11009560877471
6565,22.55349410739088
8400,22.433624596385954
2876,23.361687149576557
9639,21.446040474843862
11116,21.528956004576074
69,21.560642891732023
10475,22.271675155321862
3895,23.627348768738518
8542,20.386119746723406
9188,21.468230691290906
9425,22.063833164799235
227,21.858190937979288
9131,21.526820391742525
4331,23.461488666475255
6532,22.244796504752912
6257,21.225316367335548
3206,24.15790451275303
479,26.309816767256923
2010,22.357011248565378
7311,22.407155294490885
7563,22.70040949857138
1393,21.305538401431946
7415,24.48984049203226
1575,22.467315872512064
6190,21.6444884967875
8798,23.301082949564538
3300,21.68474469192976
2559,21.41348939244867
2579,21.587365144842593
9165,21.36117088244402
157,21.46409548600173
2808,22.05507197075692
8660,21.248050435521744
3875,23.866163354486872
1337,21.158602303878283
10036,22.29645109837511
3282,19.979571266915965
2186,21.327065884540612
7091,23.58848695618402
4486,20.353577157067097
3598,21.291470063593778
10997,21.32222134385205
4208,21.5161228499676
6155,21.436248613321432
10291,22.666628288224683
7039,20.496606966054603
8938,21.455904971808177
11042,20.998332819748846
4460,23.235283400027413
3005,21.058808208555078
7158,22.964481217445645
3368,21.008838841488327
7101,24.072584977635906
8638,21.955166186959634
16,21.26166380942234
3203,22.24176021560525
3180,21.720323876999878
8511,25.38802271244775
6916,24.076598656619336
4092,21.791310606001662
543,22.8940894299117
2045,21.186538454929824
11318,22.17092501168593
6694,21.10051883142618
2882,21.870750937541892
5969,21.084679855205753
3063,25.604303606369953
11018,22.979708324789584
9168,23.126730179760113
7620,21.420603378417105
8288,26.92038000052301
1633,22.953602687154955
11036,21.61532192153796
9597,22.709372984031038
2637,23.575291118137255
9900,22.47444201551379
9499,22.08135549486704
10047,26.8794078940292
5704,21.831270923050845
2442,21.70784654186436
274,23.13954147592626
8643,23.334985813387565
10348,22.687790351543285
319,22.789995466474785
3707,21.222942307660304
4793,23.695069797062395
9732,21.543330295259498
920,24.089151947666085
3140,21.74382211172711
2768,21.285777697415156
3538,21.527791199387163
4814,21.701070387323618
8472,22.1532945619073
9876,29.846984791231403
7362,21.537660296621507
11250,23.416168651085393
956,21.2768533174913
202,23.134488715422513
10587,24.25704875307047
9573,21.899530941066764
3001,20.382986069940923
7861,21.149319068483276
9385,22.178093487026466
2184,23.49699484834838
10709,21.786204459942844
5367,24.98899184367379
8286,21.842001019998722
10050,20.81460579655537
1796,21.391711328513644
1428,21.42433291807652
10358,22.048353616030244
6090,21.43972876894626
7969,22.541470494866292
8406,17.557086264489943
10685,25.633234310801313
6912,21.629397240449663
8150,21.850542949116555
2896,21.490028537531835
2615,21.298064287784754
7930,21.91120420713206
9815,21.572588040085463
4318,21.28077298129149
10807,23.768899353764745
450,22.57634164862851
9025,21.591619175178067
4961,23.157110644930253
6828,21.247568421680253
10046,21.18100474341961
2404,21.51551015529693
8233,24.03817198260335
2792,21.261551562506067
6809,21.518595412163187
7781,19.33815193464722
10903,24.30614739500249
7561,22.209947858642852
7656,22.600787511973707
2553,21.847422305263578
6327,21.72931905846584
11032,24.518765189566707
5826,21.865799092912194
10014,21.594803517210604
3054,21.97139422966375
11098,22.245823065184876
8498,21.401531885609288
3095,22.885292908369998
6697,21.980456789186302
1355,23.548394725082645
9960,22.392166305277932
4809,23.529065908102307
9274,23.803467392242414
6348,21.268411110605623
9859,22.01745760607509
2029,21.481461446075365
11054,21.414753229392378
9824,21.55493769731975
963,22.202474676811956
8972,25.85438774990717
8801,22.753862817632626
7545,21.736162715596617
7795,23.094281495013142
316,21.030221332074984
8917,23.23249578226067
507,22.323150642408724
9477,21.290696927301788
11058,21.860653873444342
1576,21.35601004724056
9914,22.23378413643863
8128,20.803716416642022
7378,20.89447834485896
1979,20.900037733319042
3922,21.325296301325505
9060,21.11596226129613
6156,20.759008612229007
10735,21.368522382355543
10967,22.134857846731656
8220,18.332482182545892
1793,22.50132177041289
121,21.82820050789842
10381,22.006853111963245
10888,20.398514925468806
4956,22.89170491081902
11312,22.344157645676816
8786,18.3617414449442
8374,22.243168229314705
5226,21.326547934609806
10009,21.326411928947707
4872,25.142007907195865
1196,19.793482306579428
6100,21.320075544464448
3787,21.28766246943998
7515,22.226859846217813
7195,22.602127723253098
7687,21.354691857581024
2041,21.95804321689772
1033,21.745526874826766
6607,21.569549784970473
6160,22.235864627896646
6464,24.7591450484898
11184,23.441396384781402
6014,21.452757575641094
5794,21.082743693782067
4857,27.134095845353336
10143,22.668842944294564
1036,21.443665838935818
612,21.618561679543
2690,21.093729625103613
10536,20.581982507682
6548,22.318743969163137
508,21.125212727615477
6655,20.633483525363552
6126,21.85697152168226
5452,22.56487781977717
6490,21.290798195416546
6007,21.720753919352287
11150,24.318368560574395
1195,24.213443537375095
2957,24.804858961050122
743,19.069163865693618
10633,20.17928689315961
51,22.04737009084314
1496,20.803073474412795
10956,20.109272609928023
3967,23.940381118495395
7080,31.19227827263215
2628,21.29151762310814
4235,21.27200564864797
2770,21.63518463005281
11289,22.562079201611073
6269,22.258937472399595
296,19.85594368788144
7950,25.521308367027004
7773,21.322326875286162
5568,22.847688997077533
5615,21.27893683615442
8560,27.712754225867926
6811,22.57680180292112
2839,21.614819987704273
2225,16.414956193009477
7490,24.696135410904148
9683,21.544271983944984
2423,21.760196635443776
3308,22.73659639872114
10254,23.257651298424914
3745,20.500971654802683
5278,24.11953850323723
1230,22.15381214996733
10815,23.02503876450693
3749,21.51166115923579
160,21.513385962542948
2653,24.741805451501932
6298,22.212822056572307
3777,21.79809313999242
10127,28.38553020638349
7591,21.81462133833718
3725,21.31043182132222
8463,23.463612377560345
2560,21.7678752777596
3663,23.237157135723503
3831,21.70541007508725
10962,22.929555431569252
7648,21.819785000030624
706,22.745938050779635
3245,22.232486275720547
4037,26.744491249259134
9894,23.456997763462205
1604,23.20133862615147
421,21.181833895870362
2918,23.070743252202494
4705,21.436652026408552
569,24.148142981895013
8849,21.27400232852638
4846,24.100340006292793
5776,23.046712765448028
4455,22.49814286196662
10258,21.835638753297197
968,22.360054945569427
4790,21.649715620773996
5546,21.03034498090382
592,21.910873640675188
4323,23.60434205317398
4618,22.264734040628376
6879,21.99771895315707
7306,23.94936532233584
6665,21.560522402710934
8633,26.102427434485918
3090,19.98837787433028
7106,22.49586342820786
6406,22.438881914610207
4582,20.53839415423003
10092,20.189757835626118
2885,21.568390635987306
2456,21.9952271665162
5654,19.891984886809436
4898,21.6433860719254
398,27.60471448776096
9803,21.41366476296078
7546,21.582576509209915
8079,24.017357160025504
4635,21.135949497354375
546,21.7669263135399
3033,21.335776216288334
6558,23.77714997313241
8744,21.18001908590095
6732,22.284388088270788
5135,22.726621560791628
7547,25.070127690517317
10595,22.024405620969965
3613,21.47579706257362
4152,22.49813610505365
7014,21.683258371568147
9527,23.213478582629925
5621,21.752999018269506
7573,21.659000791720427
2014,21.16512298936802
2954,21.868027190102545
5262,21.626103814809156
60,23.402338563983545
9353,23.047414308969884
10214,21.535528420761132
9917,19.82066449911238
4801,21.691185897115403
8446,22.710670124455405
7387,22.56723270240897
9690,22.229841943642832
1518,21.62332200359662
7857,21.28842370376434
11107,21.35801839901439
10034,24.05846403565942
9284,22.969453965228272
2264,21.14109270515179
10200,23.12155027405091
10446,23.079236087350154
6216,22.65482089339746
188,21.12602747182574
994,21.59398802797385
4270,22.569183802236594
891,22.90676095381081
8084,21.899248436312245
4415,22.841306023980074
417,21.45116721106924
5955,23.341868360798507
9147,21.723504540992494
9243,21.37722659244691
6596,21.244278257833642
1543,21.524215299034882
5202,21.452591142589615
3346,21.149797580995653
2793,22.405234876043266
8697,22.575313890492794
5033,21.69620149625867
10316,22.764429457943013
10785,26.752743536662514
500,26.900991784659418
2233,25.21688671619937
4334,20.6803681649761
8753,21.252577348091553
2633,21.209306742741152
1255,21.417970281069433
1499,23.53822446385154
6278,22.559920392843857
6135,22.147607211357556
7717,22.457105594912765
427,22.175393694643017
9563,21.316634861434135
585,21.814241703645074
5950,22.018070633926172
5589,21.095382916770195
5840,20.91734995188585
9061,21.88582230584102
5800,21.07625537308084
11273,25.02017984552313
10149,22.573248162856064
8067,22.630218583490095
6141,21.004651806081586
7853,24.21393464365694
4565,21.89683050841259
7645,27.97814259632164
6797,21.541941394773495
61,21.367781876558645
10886,22.67164121027993
9875,21.459318787472682
6619,21.322299230105816
1166,20.420143350330722
5383,21.513010278997893
1119,20.50940133798242
9691,21.77494328618587
5403,22.245444419735826
181,22.829478679195923
4116,21.836081104598357
8902,25.410688502333922
3146,21.72422637320432
4366,21.034654797687853
10437,23.88408847926796
3056,23.283906485687513
8456,21.252761548500658
3205,22.07438142890907
951,21.5727910884265
9806,30.03672617408087
10368,28.924482694186896
4929,21.31938694724864
9766,21.62616980564477
9322,21.2366793212279
9596,23.638169069683844
5555,20.652734916140083
5210,24.868737354808804
2949,21.252318585328997
442,22.11273167336465
9538,24.002364465555566
8380,25.678148151743606
3545,21.368330997774727
3388,21.50798926681478
8659,20.60906534161485
8679,20.280895908333214
4181,22.207440937159596
4881,23.252468293651383
7174,21.721211820657548
5884,23.42470957076776
2449,21.775462491076635
4435,23.862660403254722
1436,22.193786195006012
9970,21.343659840311524
2294,23.02770133888118
7661,20.973023122117944
10574,21.22849262079528
1896,22.95249270564436
4473,24.09473315944034
444,21.365298047718266
8041,19.692862483832634
1061,23.501160568075772
9419,21.580923169462793
6086,24.480044613883372
4215,25.11365382160745
4517,22.042213371634695
1347,22.217710498955746
8648,23.624937582006638
10190,22.033882606198944
3021,23.481616642914116
5274,23.531677755235513
1420,23.935699442372528
7932,22.88066949050317
2063,20.991787634753805
6069,19.241527102555917
1911,21.347965269437417
2869,24.310789818011518
2976,22.41159793739672
10177,21.49580255566531
9354,21.163548175992524
443,23.03339299984564
10021,20.30864294480346
4808,21.00628855640749
5428,21.010787397679465
8820,20.957160968565532
11218,25.449194863520837
9351,30.729078160044594
4239,24.51717745423871
9565,21.116812027560126
9156,23.29917214654919
9413,23.28298440896928
8947,22.085068332903127
5627,23.912207028218003
7440,26.31650376159969
3207,21.741185238149956
2980,29.288538314920554
482,23.224126856397508
11030,22.213867104836435
6541,23.332251198865073
4756,21.292225489359822
4266,20.92155016977073
10030,22.27863488231846
94,21.304811283368668
5833,22.567062337153327
7113,19.762876952806312
10832,22.52424800585122
3123,22.12461968698787
6855,21.33189650421159
5183,22.44292353463758
1562,22.202270160861172
8552,24.038657426347058
2627,19.854885894896444
3715,23.69249876444559
4967,21.387492306786736
563,20.575646759976063
4905,22.113793284309676
5295,22.60659880543094
7349,22.731762560107587
8461,20.378805233189723
4014,21.316328898543368
5545,22.028312327990797
1335,23.599635418760272
2199,20.931523506563032
2626,21.564751084203447
5540,22.046685346776073
3620,21.63122686136252
10349,24.71728103829874
10561,21.6003527795177
8082,21.00335988996925
3295,21.434305739077633
4995,23.52294527136068
4911,23.824949812733973
6731,22.728017163809447
10974,22.221744202631303
8110,22.037744316582394
3410,21.288941920950013
4070,21.223369731013626
4507,25.423284597670335
8931,21.527227419545042
9340,21.189288277525765
3574,21.275713602116646
8145,21.30110651324371
513,21.563252159388856
7882,20.853528128302077
11015,23.17144652973611
9379,19.93696765303536
4978,28.47048904800811
9325,23.564084799190407
7801,21.67187633471656
191,21.582304748299368
10782,23.646612385853736
6073,21.321028432127655
10256,21.518171896754932
2036,21.296682399928343
8157,22.244452127722603
10776,22.24322318069968
5619,21.247837738744767
1482,21.532468734779343
8676,21.580598981471248
9826,23.838580875610848
226,21.109456267617084
93,21.279765528909785
7896,21.638015732272695
10787,26.01389624946431
10175,21.751391762779033
11014,21.293668135632053
1442,23.061208928535212
8247,24.15560770958347
7706,23.365489184089917
8360,22.982609215209603
1287,18.868909006516155
1001,22.910053530310442
2367,22.09761052564306
7301,21.489332717980137
5113,22.979958860518018
1175,21.286235442824438
3149,20.64096724517399
2536,21.53767244481675
1718,21.193615180661432
953,20.861012090567755
7574,21.441010457004186
9104,21.869659628168815
8448,23.20898730167771
10141,22.386706780530034
9755,23.311293738668574
5282,23.617316476469938
1787,20.862611484603637
3708,22.341741019091614
6211,25.66812033177422
4115,29.560609464034073
100,23.631080036869623
3443,23.767517130838257
4008,22.497915249375115
1565,21.106278487583
3381,21.683139854735025
10795,20.547023970900394
5472,21.032011788961157
9109,22.53498843071017
6129,20.848300447870677
2035,21.9365823395846
10939,21.850298612382232
2722,24.13914558452945
8412,21.4188488877747
2935,21.84470886464911
9873,21.770490676415335
892,21.810634987799865
1460,21.15400684130437
6885,25.700673426795362
10712,24.12377340767857
10319,21.283819056614533
2838,21.669738457679824
4610,21.801573291737682
10829,22.597879882303758
1868,22.26294493720867
3782,22.04250475761662
5123,22.08896669910384
4478,22.170592488121464
4607,21.685261856005177
2419,23.831383964035613
9933,24.846302789041914
9541,26.09543762310828
9504,20.379716112393123
4703,21.91113816970906
1488,21.351395224201966
10069,22.78292929782503
6661,23.745266312004365
1639,21.191578436203457
7409,21.53774953034359
2185,21.366341350060054
7285,21.628735211454725
7327,21.354952479393706
1240,20.980854880710297
4580,24.7513337415974
2772,21.413562016080807
6752,23.300636066317125
2509,21.573681449871863
6886,22.694588198527253
8667,21.34238062809459
555,24.14000988466306
5375,25.924020814007307
1810,22.571244434525227
10015,22.02960909732333
2319,24.68071209523559
2746,23.65850344469915
7879,22.41336389731268
6918,21.472127676738808
10116,23.340782414153598
5964,25.036027719209844
3171,24.119425855752297
8945,20.949254939975667
1918,21.710469920199884
7565,21.6965325753074
1252,28.180929392173944
137,22.812428387397492
6165,21.08065224321536
7354,21.652791303729416
4870,22.12681938254813
2703,21.129020245900904
6209,22.270484138097586
2539,22.762062128144663
2197,23.431240901394673
1219,22.419332246123172
4388,21.58884132837882
58,19.76065424855162
1871,21.943105581919774
5269,23.77629382779606
10370,22.469551932576103
6952,21.720027554789304
1722,22.247868715568114
2911,20.582134096928407
10643,21.478431444680023
1811,22.049184546042756
840,21.42385780121763
1922,23.719147288257986
1833,21.158956583373563
10193,22.367647283976385
1656,23.318513219332814
3531,22.11482031662598
3034,21.463495267366564
737,21.74391909260759
2764,21.943107571800844
1027,22.361353552994597
7693,22.449688138580417
9912,21.297671556748046
3737,21.62179626144198
9830,22.732337252545577
320,23.80690896044682
1422,21.51757225378966
5167,21.333661667916676
1828,22.24204520873663
2712,21.373980469619738
4496,21.871123666075675
9148,24.116395311839135
5977,21.320807278479965
3452,19.851826404500844
4559,24.251575244036125
677,21.876623398729734
3333,23.754589510063298
3527,21.62956409776753
1665,22.339126847757473
6467,22.72849659400908
653,21.79425914194346
9079,22.414855252040503
279,21.413869421201905
311,21.550184710448256
5975,21.30180107858031
2671,21.455955154404602
1392,22.458440050573458
6545,21.936796952229457
2802,21.76208873864151
8749,23.88661513082533
10639,21.444350706471837
4997,22.416206200740618
8746,21.507240589165278
6769,23.18757215380674
9259,26.15055267198181
7946,21.219096185258046
11094,23.31172971390753
11320,22.311934729487824
7269,23.27122655815885
1401,20.616000026721178
8612,23.32925139666602
254,21.5048271495389
7068,21.51282529914276
1177,21.8701323337755
7207,22.127253270458098
9891,18.56016534742094
4714,23.67895144218884
7712,23.669175197988594
3593,19.823773416131136
9352,20.839847381891136
8923,21.85839615564701
7153,22.10471651088026
162,21.301476164317194
1156,21.490646157390252
77,23.031537586901187
8391,21.62799615383423
10049,21.77949990294247
6455,22.41793376807287
2370,21.723512772554294
7003,21.019825114217547
2154,24.539626969012478
719,24.256080229595437
3182,21.535562913013315
9983,20.627772951882402
6068,20.540577669767437
9275,23.915491796615473
2859,20.266043812943323
2584,22.21927653594297
10617,19.663402715219057
325,21.78193310654085
5573,21.30204898318496
9301,19.74906649110672
1016,21.780470117659277
4534,22.53132929578009
674,23.64490970713699
1308,21.61574841519047
3746,21.327218253087302
2236,21.04954473901996
4723,21.797932461419933
921,20.49278975592219
5558,27.379410008831655
8443,18.80836540539456
838,22.072272780109653
10268,22.294268200971654
2691,21.017115608058756
6495,21.626506364575327
6524,22.139969556676025
7167,21.48533243986214
1634,21.281066034665542
8274,24.472463362390428
7408,23.65888862189155
5592,21.75837425333545
3431,22.215065748495483
4625,22.106514998449295
5,21.398614255305127
1717,21.441018902465082
1706,22.018206424799832
11013,23.140072924188672
10020,23.637652012246598
6719,25.96867307136524
11319,22.773517786159495
9100,20.83955998898981
4936,21.460573693264283
6856,23.222959008295
2229,22.41225346456194
6289,20.554219652293515
4873,23.649359847991114
7483,21.312084695712752
2872,22.959625364001056
3386,22.514526941295138
2389,21.321696761342867
2135,24.733411073268694
2634,21.466910371098823
4581,30.391730743436227
8,21.92189964963846
7543,21.232249841715163
6390,22.459940604341448
5127,21.16492615899071
4720,20.00928284646772
5771,21.242245745615694
5580,22.628262562152432
3458,22.39512746902742
9549,27.49977637990833
10425,20.795686228737225
5389,25.017185763345076
5496,31.924844190527878
8073,27.65958017486446
5676,21.21458673706644
874,19.86326485812808
1228,22.482501882608524
5582,20.96608184958093
1141,22.08966345639048
2523,21.702756861691725
10096,22.3758228621339
697,22.171665360655396
10857,21.83751509866455
9398,22.663538722735314
5936,22.069571266393886
249,21.66567315536996
10481,21.939992683126214
8587,21.392749362899092
6282,22.718993799006352
9834,20.8997757692956
5783,22.272390452275946
6364,21.67843919991506
5112,19.872592187344463
8590,22.580726008809506
1533,21.33104375140096
11001,22.286470335934425
9174,22.040481127336086
1808,22.90164181310859
1225,21.765270028548198
3137,24.673896173788606
10152,22.930362020841113
2503,24.51180363358004
3336,21.902220721998365
1341,24.040616446017054
1276,23.01864275983432
383,21.284031692593235
10173,22.950047280522277
5732,21.287280967193634
3411,21.314413432514822
1346,22.721883383938703
6400,20.79822647786278
7763,21.321813280027147
9096,21.258589458464353
1842,21.363418940573844
7261,21.707384791632087
5853,21.30161581115657
10398,21.961641439188043
5857,21.632072929645684
10850,23.244134601263042
7979,19.45575942909129
5824,20.623551568371155
8522,22.647975909398284
10213,21.55810002022372
661,23.098369972141406
488,21.57403181305394
10442,21.488269980321657
966,22.279089220606693
9288,20.20153835231475
11332,24.173819413064443
521,24.50305897201991
10255,22.890780619610062
1741,21.974990934965263
1645,22.292005691673943
9321,21.12218398313192
2396,21.202399506477132
7496,23.255335868425313
2140,22.0211737042973
8381,21.4559917465342
7855,21.588450682523277
2235,23.139472195130335
2756,21.564472955193096
8392,23.6709346103878
8416,21.537097076484528
8414,21.30865474805715
7984,21.170831768773233
6418,22.977534037444357
6267,26.691359971914657
9095,23.936475629622013
3136,21.94563475632971
4906,22.24596213651173
1836,20.864417096721997
10752,25.60650162806809
5678,21.50742217979501
9961,19.45990832413566
10407,21.09625029126424
10609,21.53458062004384
9176,22.479461495134316
4387,29.01376561355623
4245,21.360038431556443
7439,21.96201021683154
995,21.02219842171228
2019,21.772382039370903
10976,21.76529622885412
9968,22.534160071196407
8169,24.60922163815153
8718,21.943504509496464
9507,25.25511894478181
7414,21.721113461888216
2289,22.165069604263522
6578,21.30674434806915
1321,23.266859146009665
3602,22.048767619477566
11196,24.598943180131787
4080,21.89560174979054
4224,21.199129234960036
10333,23.996022542026097
2108,21.28868135603861
5998,22.77111293210696
6940,22.04690946234518
8635,22.033256828952407
8376,23.439292185079843
7522,21.446324185899986
11167,21.66923921114355
1783,23.07921682186717
3634,22.941326499155764
2576,23.321639641541474
1243,21.96342218593061
4023,21.06861635162386
6025,21.81118046616485
6518,19.488470985384886
8892,22.142609502710517
4922,20.12302414048051
36,21.023650456486877
8593,21.71094826117223
4500,21.371777944573594
2365,21.380437077675616
5866,23.76116301171773
8825,21.90656534706241
1169,21.60346513952138
9115,23.83841693548554
6419,21.60045764988398
5965,23.72245974396521
10590,21.934569283996094
4503,23.292065541955992
7002,22.81894975117793
5001,18.24888291425802
11323,21.91206611766283
1256,22.718011741405387
1229,22.971483630249104
10851,21.636900891556945
3901,22.85341841866007
6657,20.850825553778705
106,23.499365100116012
8988,22.770096048064463
8056,22.04928114362479
7426,23.37147287481833
4039,22.126751240484197
6755,25.106451854039463
9522,21.357192550474107
8181,21.41292811416111
3446,24.04319891019475
3374,20.576090093870757
4763,23.930459140786176
4370,22.97414120261374
10456,22.60544169159518
1797,22.33664697041923
10444,21.292521154952468
1644,23.058426707636592
9363,22.014995507716083
4901,22.608215313223443
4049,21.85006192247544
6446,23.496008937657347
9146,21.514678829219456
5696,24.43292452419559
809,22.705976389053635
458,22.021627780623206
4562,22.117414043726715
8580,21.521533458286495
11020,20.963020750305475
6486,21.50015857758577
7996,24.510913826870798
6103,21.49218499673159
9754,21.899029744079083
10789,22.00942071491175
8433,24.941761831579058
5963,23.819772750348488
10212,22.772873732429385
2654,22.082016895404333
9555,21.58981788048274
5085,21.526802681561183
728,21.045432341624814
4087,21.34204570506916
10571,21.440002598769624
3082,22.268533698909987
1532,21.643580028281903
389,23.77528328856251
6986,24.05666422070312
2030,23.316868816325986
13,25.989730885581434
3748,21.818470136574874
4488,21.418955547171727
4159,21.30030725441421
7457,21.809527038555288
4149,20.446523061865552
2321,21.205268528321174
4226,21.423117434725075
196,20.473091438303857
1946,22.466440126859556
10458,22.75706408371573
7925,21.734201522237814
3344,19.911114070597783
3299,20.97788768929799
5485,24.356056293198282
3226,23.154591161904385
10949,21.495797775626855
4257,23.41279201842209
10107,20.078157137768592
3788,21.56643566383505
751,22.50296374567305
3126,21.841094795535852
291,20.030226878297313
7389,17.753828366788007
7910,24.41208965619909
8485,19.13032266580475
10938,21.558187603718284
5944,22.90073292069404
437,21.472988714083943
7019,21.55729899088846
3213,21.344358208110215
4361,21.402941236793684
10074,19.651608263002682
1663,22.14694558847622
10737,21.35495261216336
7524,25.47310718055083
6888,21.55789757882966
2163,21.459555390515227
8212,26.701446455936363
11325,25.72085980367377
1945,20.903941438016258
8198,23.844904997104848
9905,21.43932271692448
7856,25.88314670057607
4141,22.77717466446132
6543,20.887429557008296
1073,24.950417112712483
1708,23.419826998120573
10372,21.543130312009392
9829,20.872689041402356
4988,19.477712008290382
8293,23.37017877138383
11304,19.567741921510105
8794,20.74696304474216
1838,22.03476117062737
7105,23.186912451612685
425,21.80619232420105
10717,21.67561910712341
3838,21.806796253395316
11264,21.419968498486462
7624,21.245228666298328
8213,21.75096074545907
2610,21.34486757535088
433,22.295065843607336
7350,21.861273530864864
7686,21.38617437122217
5506,23.55000672349459
1580,21.491108919214746
2340,21.218868319472623
8439,22.114999264447995
8007,21.931273826054774
2551,23.8173916868226
6444,21.028213779880215
2326,21.882821167861827
5626,20.72032391831509
10882,21.991221341081935
3307,21.331161902765505
7662,23.138081885084155
6601,21.171554385090428
218,21.359884220063247
7485,21.30835167966793
10053,21.639425898325204
3870,22.02443106104726
522,20.940629921141316
6409,21.1595114000376
3929,23.437949656857437
4762,23.49516818534276
9226,29.620444323892457
5733,21.531444851004046
5087,21.07438623836839
10389,23.444705177027586
9660,21.679263911264105
10698,23.51442385524563
1423,22.31167159299559
4601,21.48309538713496
4541,21.314646635844404
6715,24.04598272738186
4957,22.232936654375965
6630,23.618577285036157
5333,21.340183395476693
8206,21.361167094199445
2213,25.4500613112006
6829,21.93962142658985
6344,21.722769167615883
5522,22.04589078504214
10167,20.422661801823143
338,21.033894560690385
1296,21.10614822596154
699,21.317929760028722
3905,22.056251151307787
2893,24.49065464680061
768,26.085588120984
5560,21.180307395062712
4803,22.14347855878608
167,25.140459900543
9361,23.210672578693597
11089,27.744936945503454
3347,21.617863955703676
10864,24.314194289986915
4538,23.467523320199774
8105,22.4966556357775
8111,27.345370456107908
8287,23.23191568301815
1295,21.585285172570075
374,30.76994728970132
5198,21.741219506620922
4734,21.28922053745044
11043,24.081155172310144
4885,21.63576496194235
5215,22.973536084724543
7337,22.956679667937347
5893,21.398067532102566
6307,21.273354437831014
3890,21.829346381917116
5260,22.96985010683501
5806,21.52072134297942
75,22.393346863215424
430,24.651612044977693
7924,21.800512133083476
5556,30.490107725645185
4166,20.08010980244581
6853,22.67997887813062
5329,22.237206365632286
5849,21.247535002573684
4924,22.46855669682201
4143,21.405470293525305
475,21.783777076639055
6322,23.33476423622157
10898,21.502255957533343
10749,22.150028585422504
7384,22.984265298510866
10702,22.142292769298226
10523,21.29397289391924
7886,21.34875780372108
2611,21.435154432418734
8730,21.178365653823686
6720,24.687875056303522
6260,20.383408598552442
1318,22.21535223137435
10408,21.999030281631494
3495,21.649033191235027
8682,21.4984292579773
8934,21.467616686064137
3210,19.944826068086332
7377,21.468437998268076
11045,22.78301446517781
1516,23.798592273775107
5869,21.301759793780892
3889,21.14224409454436
7421,21.207435157157246
3555,20.420120253519073
1687,21.30666306828164
1777,19.261668932417578
4897,22.17600658710632
3673,22.40099961734339
6275,21.22338014901058
4209,23.807883002195307
9407,22.09866464517836
6625,22.56880288721292
2945,29.949079437389205
947,24.412858238696174
2840,23.09388578462407
745,20.50855814894522
6134,28.10545211492188
9789,19.82789566380649
3865,22.89217305967031
7848,22.383705189655
5039,21.558821310761587
4935,21.25955963144552
5644,21.99847305788628
7663,20.99537038371746
730,23.41140690389385
3379,22.610825754035524
2324,22.359385050071
2622,21.174190104900457
3434,23.802673018375305
8559,21.60294550786932
6451,24.454225448577603
3500,20.93370877827858
9909,21.648811806798573
1650,21.904002211092248
4207,21.32127612809428
2517,25.690140398143207
10270,21.15199506965647
3107,23.264678666654817
1731,21.39152309573064
2979,21.417741652863295
7920,21.70642349422734
5850,22.432635778478982
4038,23.25478194832566
3048,23.30449876352305
2344,23.240636025257174
8860,21.79374009748491
6106,21.95295570614164
7236,23.2424451117151
6643,22.962807475797614
919,21.388340695596565
5494,21.2638440361608
5635,21.287126295984155
3105,19.653645556009693
811,21.4833437683212
11286,25.54603245874727
5114,25.51106333159771
1490,21.37699045655983
10891,21.31095681773872
3435,21.91019933534318
9590,21.338216210001715
6749,29.808990382636104
5371,21.51306492690938
7051,24.87768598407981
855,23.531456940762226
1941,21.83387977343163
7407,21.31904447454092
9877,21.539680120525535
10750,22.486545508322482
2097,21.889359548890937
556,19.723378895661916
2581,21.934665312565333
5513,21.429842847281094
9476,27.89919930861816
6361,21.313461824738987
2990,23.955799727563686
407,22.135334657910434
3544,22.723204085664733
6272,24.689622665715028
10424,21.423331731693587
1593,21.405186563818717
2067,21.310626481580275
7704,21.271481286051138
4346,21.394057998954764
5285,23.27093630049106
2524,22.243758837398847
1540,22.989379659301186
1719,24.782594388267007
10077,23.217174680252526
6318,20.820290707865972
8588,23.871347298380563
4362,24.069769573965225
8226,21.85715325146644
9416,23.79816737580331
11075,22.940691177713795
4186,21.374498262664222
4729,29.11889155038017
3997,21.41045631308837
4076,26.81809837083938
8259,22.842487912914223
8049,22.45272696795201
2491,22.46809452833938
10865,21.145067252339217
5686,21.670149320043222
4974,21.794807440883282
5815,21.811648854618706
9184,21.218149967094313
3863,18.885601705513587
2167,21.836441074221575
148,23.844336583355123
2508,22.33341756261531
3966,21.29526605959804
7859,24.15903529087946
5868,22.430867899429675
3329,22.446173549587982
4981,23.54449969187115
4683,22.20367769036613
767,20.59605513968273
8915,21.31889164268709
3843,22.74990916938741
4009,21.099335995560395
913,20.810878053766466
454,21.534300751715268
9792,28.921764290079338
5286,22.844814809953657
9338,16.778158031404566
4913,22.4031145320851
1179,20.90570869826215
6237,22.382015893125363
755,21.446879497664156
331,21.362515334231006
3057,21.597213962684172
2345,21.00798427160521
6004,21.0153196384435
1094,21.462032924277914
10889,21.060642823951405
6337,22.25528917868972
5679,21.349828216138356
7928,21.357881919174964
4821,22.88077306642353
3689,20.156823127213272
4458,21.395142561954547
10356,25.886681111905574
4811,21.559751173692415
2737,22.583322996868915
881,21.931254978039206
8524,23.660571724365845
432,24.50092416822985
5811,21.894193579245904
578,22.018115939249604
2741,25.21965920085256
9542,21.66275508576771
1560,21.808537330729454
9323,21.649352321230598
3304,26.005686059913142
7644,21.83373939045599
3402,22.180064561910235
7012,20.26947858362692
10290,21.966689115996395
10455,21.01722196413198
2664,21.399091230646768
2898,24.017698114461336
6598,22.087156309911773
7785,21.896558616778346
11109,22.753561409773955
10037,20.917989625344976
10273,19.885432133647743
950,21.383179809156612
4229,26.432966237215105
1089,22.810009922378608
3008,21.93813609005354
4770,21.2870228153759
7196,20.323026994649624
3478,21.63568535173923
10262,21.063430244587007
11228,23.66848168491758
3873,24.13231628008791
5647,24.099807025543836
11177,21.843615146072477
9178,23.17660828696276
4061,21.779512127006083
5322,20.25669788228659
3395,25.155646949702387
1940,21.176441677697863
10353,23.26088554777853
8301,21.686737572136796
5058,21.27709160869549
5734,24.427121353198505
7689,22.49362530808992
4173,21.150457635971264
5243,21.871218472667923
1507,21.244590342095535
3133,19.528917414701983
4349,21.643580085096158
8081,19.242960670547554
9310,21.315918130065548
8829,21.377635425018212
4674,22.239152506297412
5590,22.13965438641514
2323,21.471551007551135
9624,20.344061523401226
8844,21.08241885538732
5959,23.794422060848504
10885,24.454692059187863
207,22.897825348489846
8605,21.491755862094912
3957,22.10984191932548
4659,22.43798257057628
7111,21.14837864166102
2527,22.39564289956056
6917,24.986190674357957
2251,23.617655835405255
273,24.30464049139173
2171,21.327046447720647
7647,23.024443744145827
591,20.759713443268396
2835,21.566313344752242
7711,22.004830513658213
5050,22.276457478465087
6569,23.003424868594536
2094,22.605725320589073
9177,21.146305572564966
9669,21.653465527270754
5543,21.26569554286892
4197,22.96640319228043
2909,25.19708471184407
7432,22.29392245418409
464,22.82679111385019
3321,23.525519917491813
6357,21.319202458964835
9239,30.323640643869517
1960,21.918527381650776
2665,20.99780454476472
1328,24.33868974726311
2222,21.953906687094367
9144,22.18050223834655
5952,23.343626023433984
6021,22.449319688940733
10016,22.933020400843745
2058,21.359860699107077
10760,25.497203603055734
8671,22.73978610258483
9295,28.944775764549448
5307,24.737616144143193
6171,21.33761091986012
4701,22.834165054404103
5200,21.369974952394614
4377,23.04639422127134
2819,21.628700384847924
9551,21.21936470200929
4757,20.779982335123798
6902,20.22144220698574
9234,20.218029305026633
4779,27.73535038421118
5032,23.153622465563803
9726,22.360526404072324
2341,23.270114784116902
4715,21.720158053745084
5281,21.82869669541617
856,21.71283765111172
3677,23.28348390798388
2836,21.808129318370977
3974,21.613325263344148
8483,21.474016544855324
307,21.859595131394794
6372,21.749671884753692
8863,21.0486101571331
10797,21.95877359287516
11159,21.789789712515883
8501,22.01756722433865
4288,23.378854980937458
3693,23.095132734609454
6152,21.95170911412348
5163,21.03901263520603
5999,23.607100205319536
10524,23.186568508821082
8870,24.73243208111611
4786,21.591153819778512
7081,21.337530952820856
6584,21.641117116108948
1669,17.72074471263999
7837,22.38619880166028
10060,21.21786630335
647,21.740235551189834
8092,23.15634686281838
1476,24.24540825768468
4595,24.65911388838672
3285,21.52429845865934
4583,23.200599659009796
7973,21.980166636065434
7638,27.241819066078733
5432,21.447104737048335
10662,22.574943771707503
6425,24.161845254401328
2724,23.73151952223118
3910,21.613106404732264
10814,21.718404552815432
6967,21.973067573152615
7429,21.737771012217223
10473,24.235475924024332
11038,22.150174117193174
9110,21.691310029652634
6727,21.478936689748394
5009,19.91005603287378
5007,21.72527472503076
6656,21.50477481871312
6109,21.374247777696468
2043,24.69474969946024
4977,19.913620104006085
1327,22.535210459488447
715,22.061667054751304
10038,23.64664905703214
9000,21.83400731608876
1086,21.407703717246605
8050,22.014355722159518
1457,21.428786780026684
2759,21.03019750643136
4119,22.10337942086548
10674,20.8592549915886
5827,21.408246233919716
1822,20.908412410751303
6168,21.2452638590559
4660,20.713501762700034
6447,21.76641820119689
4465,21.531808297210983
3766,20.61808041874372
8647,21.642939792021153
2189,21.67365581175367
10392,21.60684948216732
8628,22.680336188619613
10719,22.2445396688987
5276,23.8178674585219
9222,22.707146217105088
10826,21.327126618937168
8858,22.830297465055615
1860,21.346690105555307
9402,22.45358185275639
5450,23.52944993604254
2004,22.239702557339292
4604,22.634839607289614
640,23.106053715506942
10106,20.374320553968175
506,19.79447266659668
2647,22.65115491073781
6036,26.16042435978248
2260,21.44108423810564
7621,20.597838966478655
10103,22.709810952593916
9268,23.956925840821135
8133,23.253095793259718
10606,21.179338844801357
8254,20.69854499893668
7702,22.676702497361234
6367,21.342144739768923
123,22.746349846733736
7552,21.167415919057774
3051,21.141582472118735
5872,23.39342463700876
6484,20.729471094106913
1997,21.68391594110411
7312,21.30616416534143
7824,20.927136175021612
6976,21.749920788420695
7792,23.60915090099947
1391,23.85279642470679
2356,21.290952537174064
4227,24.834833307672657
599,22.50429784923516
5503,21.816884957966668
9623,20.477554367558113
6686,21.640381665938502
1085,27.56054269169448
2122,28.39378538541452
5741,22.16313605184331
6754,21.354342457256497
6290,21.698714842541207
9530,21.16342556626895
621,18.194066740287457
2243,21.11877797149203
1394,22.169140853072022
6414,21.293312888815024
10463,21.885700773163016
9692,21.01766309705738
1261,21.237494334095235
9715,22.929396396571427
4501,21.898851016847367
837,21.79691611770954
695,21.27687828048579
5942,21.540046210614964
10279,21.79923671077062
10873,21.30827702569058
6526,23.391768393907995
4688,22.607794581183285
8242,21.753193086438177
5099,22.184669069313866
4692,21.61461529142183
8637,21.680307128975837
1619,22.424251660374374
7456,21.32584524107884
8793,22.187079017913614
2705,20.6034109963958
364,21.401431205474413
9113,25.3249232932048
8980,21.779357313997583
10320,22.442805801095638
2795,21.290625973118445
5446,21.425345660753226
7000,22.30308029588171
6696,23.821268342456023
1723,22.61322368276543
8397,21.792889455909176
1771,22.032023505795543
3599,21.695884473430226
11046,23.616206465988476
2032,22.675253988221648
3617,23.141408799589207
6914,21.545871211873383
2526,20.98102425576982
7989,20.552970198600047
4639,23.46030381519134
3179,23.027415781078034
6402,24.22868153309045
5095,20.279037482717097
3530,22.21194782275817
9449,21.85746375235677
6104,21.79700298245879
1101,21.39392195535848
11200,20.353505059028958
9735,22.14369130562851
6738,23.523510186583326
4637,27.251010159011862
3253,22.455037567728247
10460,21.4780093069208
4091,21.63113738106823
11142,23.13638828269032
5659,21.965740160158383
8054,22.301675729923677
4829,21.334523324773564
7247,21.750864317651807
7430,24.386056216331934
7367,21.3161153627987
9287,22.300157470111238
2630,22.249479273643157
9788,21.258688536890496
5091,23.154323030037638
7939,22.849219817111916
906,21.836261013541595
5810,21.126623486992585
8976,21.344492460986125
2471,20.346091767643706
7034,23.235362337381687
3860,21.432120898495437
5855,22.735115897144176
2894,21.40869194731988
8816,23.426126161330945
7423,22.340058843071883
2518,21.936363174006264
4281,21.634730454754184
7529,22.53638736529649
1556,20.722550305412
9086,22.694736533858098
11069,22.87808134930488
9127,19.053446348596083
6012,21.590851879519214
5298,26.872487506414103
6957,22.678818384508332
525,24.8832295476955
2566,23.835129508630025
5700,22.573216505517134
10601,22.409417515058575
9547,22.116124130220655
3902,22.822405883545173
7556,22.135210243049002
6326,22.33583012870806
1989,24.361992258454475
1164,24.514128874417327
7914,23.171923007592984
1763,22.736210537672637
5144,20.78530424126897
4295,21.08977300729927
11016,22.68183873438487
1664,24.960940816567174
10113,21.902481364410068
4944,24.31446464903442
3451,25.50603081305367
4573,21.467256210192424
5175,22.265693326670338
7138,21.656049067988192
1395,23.22939523579486
8106,21.13897330589208
1034,21.42515537334429
2477,29.246483564050255
4624,24.165575767441084
11028,18.17712623855176
10474,22.015104082789517
8309,23.34590598831876
5949,21.601826487172914
10085,21.36098308849279
4994,21.78104182720093
4273,22.38601810148775
3740,28.503174875468083
912,21.185002053265404
3148,21.605096776077463
8014,22.45133858421572
4059,23.36955364062109
9318,22.340876377045404
8781,27.362333886271983
3343,23.33648526954501
11072,23.223028673397053
5504,21.58464094859195
6546,21.183944762454843
5552,21.77191822210826
574,23.535310307981614
2709,31.35851833331955
10881,21.126348689461235
2706,28.12818127922986
10632,21.797884665256888
54,21.722213039334253
8465,22.912554442769604
778,25.84661368515517
3482,22.12573296358829
4081,21.52162090431738
3769,23.881099701825516
395,24.746869165341618
1250,23.01144080220883
6737,22.08075647318802
10418,21.26982212163858
9341,21.498589786403226
5862,25.31492995981624
117,21.034890916556392
5312,22.423479708260995
8913,22.11261133952159
10373,21.991412065443754
8205,21.66020338067404
10852,21.632331633825984
10380,21.35132838785397
902,20.992777456048195
4211,21.509306024839866
4515,22.654468804840107
1484,23.645236047811608
10818,22.320392614887073
7578,21.82627432221933
6529,22.85509287421643
8399,19.796046013789
9121,20.811754059049804
2121,20.294180556473936
1762,22.4765331367209
9749,21.193845488887295
8937,22.33628713819348
4393,21.618018303230258
7417,21.428733099436947
3261,26.430841351887103
8807,21.710434215330796
5178,21.71322034285669
5165,22.130983401566482
1320,23.848099312375897
11002,24.173317083138635
9572,22.977076773348774
10920,22.032301150346402
7997,21.07948496351323
2180,21.331582881315384
5662,18.77273191785322
11076,21.318164887834524
1962,27.5678221458039
6091,22.52167962942389
2900,24.29131750234814
2221,21.266085565167472
6174,21.351702425976654
1106,22.29520538330421
5731,24.49016253701603
5241,21.109245457611696
3874,22.32735567024141
3554,21.584927573833493
8127,25.429920067904657
7849,21.7813412464131
6011,21.83500475480658
85,21.33992502491938
10179,21.960591661523335
10653,21.895523791777414
1143,21.64417243256452
2810,22.562983872748767
1019,23.391733154747307
1553,25.464002153553054
462,21.41024381122597
9703,22.404811872941337
10836,23.309507069918105
2555,21.199825456084426
1302,24.48488964755307
4746,21.55139691242299
4702,22.22653191298727
9913,19.98491567298455
5440,21.335515556541463
7092,23.14034748440054
7877,22.488898958832205
9038,21.821723685566933
7680,24.925699464344543
1933,21.425223112785826
7695,20.06847413963984
6942,30.762900809194374
9795,25.700618926244143
6427,21.779777097805127
3513,21.424036743131495
10025,29.533050075048074
6927,22.84248953307157
8994,22.393040800097463
8246,19.053887987832848
3012,21.344872144776907
666,22.710111108091976
99,22.801697293902755
3635,21.666811473543806
10426,21.20822628890943
8029,20.978450084688603
1342,20.71416338624249
10858,22.123272003255114
6113,23.307333300286405
10165,20.42181952931425
8116,23.74183250913707
703,20.627758599850736
5825,26.914719016196038
5760,21.817894947697365
6931,22.6769611183735
519,21.271114424121585
11296,21.347792591668117
95,22.59520918221535
5755,22.14452299586513
4200,21.873954247384233
9539,21.121516956535856
1642,21.787600928086505
9511,21.599644011662896
9329,21.21391149309123
9988,22.161538642041894
9536,24.491212729604477
2015,22.60508686002545
9040,20.44134808491463
5607,22.302557633924213
9860,25.89932083217876
8148,21.69383546114978
8460,20.440026402595677
7845,21.603991259203276
6130,23.339787967742392
1445,22.63705298181568
130,21.699309974442045
560,21.490878242266735
9349,21.153118705282196
5385,23.71306421836089
10486,22.324302440277528
735,22.2432706279949
9856,25.718841606244236
9902,21.7905597040806
3806,25.1474921978364
3674,22.554474076997423
10347,21.423361029171765
2985,21.859727433845915
2905,21.15495998578328
11060,21.22462503075071
5750,20.88918227443804
9320,25.933474156906293
20,20.531275095193113
8953,21.639657347802263
9634,22.073486393005037
7252,21.785234437708166
9078,22.908467835470407
347,21.535509365193228
10822,21.696408709736485
1108,21.723895110883593
9910,19.12604620945637
2194,21.589276293527863
1705,20.706688305089063
6718,22.05198843425234
1625,21.28246112430797
5992,21.225995361346033
8666,19.980230365579693
520,20.724125835267685
5382,22.764628800305626
8943,21.28716612915207
8059,21.302443417495844
7366,21.51571649481316
7533,22.183526968257468
5657,23.394960199402853
10244,21.3413869766792
1606,22.451136403952535
1178,22.40166310610907
8925,21.458988095316542
10237,21.056969514464885
3994,21.443157590862658
4002,22.09346607836135
4233,23.50844812968674
10024,23.65422737646304
3067,21.971328755109553
7005,22.936450494512147
4863,21.352927183711223
9816,22.25662866995663
2767,21.016564282460127
2276,21.975954217127807
3353,21.04859457885854
764,23.053010183066668
6162,21.38528667902549
295,22.85675493360018
9545,22.140484034132783
1993,21.382545906547985
7470,21.27207145472548
7076,23.892051682575286
3181,25.631927327607567
357,22.099309385978803
10371,22.16393195516765
7634,21.886786213252485
4827,21.09264253904543
1587,22.697561178695242
496,23.626697441866945
6285,19.97059351264839
8530,21.86692398170218
3581,21.71283573161469
2910,22.093023731392304
5915,21.39169495799857
9022,24.008116828306772
1188,21.528276162206296
7741,21.406702527439926
10295,27.59974071076622
5978,21.22477342581146
502,18.90526987607038
8304,21.847100695773722
7078,24.385901280351888
7468,22.23128090781814
4839,22.217724022962905
7255,22.459277981218218
1514,22.567368210298827
7998,24.386050525044993
5492,20.82158977773607
1603,23.869750877649462
451,21.397714231783795
11254,21.112414034482345
614,21.30384957518969
7779,22.10577568454513
10494,21.309339579670027
9820,24.182170086766323
3216,22.434447189103476
8812,21.260878733917735
8946,21.709122603313574
4946,22.09211810077929
5237,21.477057945177826
2357,21.25202681547119
4017,22.537681517584204
8620,21.35101152257324
2415,21.993772599420836
1968,23.348484883150437
8806,19.694731751697088
6219,22.546847000564025
2469,21.420282288777365
4174,21.210268806256654
10363,22.200814096656185
9417,25.520482139001903
10896,24.584400043101525
7043,22.372018399116346
4179,22.495997722185955
10835,21.497722041582804
6159,22.807931696672178
3848,21.499059735385163
10041,21.889367503563165
3853,22.00687731864369
8589,21.294265971639838
8921,20.825355914566227
9727,22.239966076489406
1649,21.729352897635447
9034,23.383684332513326
4097,21.377966157001477
1070,23.481056196074213
7336,21.515293351798
4102,22.43408005424417
5551,22.444399185068107
10318,21.617366875507663
292,21.39989590841422
7368,23.493499745537115
9825,22.854584824945817
4140,22.57659588798819
10704,22.13843707757412
6150,22.613650107950722
2930,21.63286393851307
7811,21.580830573130108
10307,22.40696535190676
2677,21.365018268564175
8703,21.203544878673362
9313,22.143576142656954
2944,21.40246020781074
258,21.633557450534006
8709,21.49520352902749
10471,20.775470888271578
7664,21.581565607044208
1454,21.297320307864453
5189,22.225697588639843
10393,20.684497293391573
2675,21.57636702860247
9719,26.043483583622532
8772,24.934089689566292
3010,21.867760504763172
9949,21.6706622798194
3449,21.538830613895968
6735,21.59891002773812
5484,22.287839496652495
8088,22.223506792594833
9481,21.1925470077946
10812,21.352672192428397
6951,21.307946340803333
9600,23.00639979616319
1110,21.709158750608953
7437,17.990969521114813
10526,21.70785935850427
10070,23.964307650203313
8663,21.933591674879143
7957,21.486361814031618
2877,22.0020708267264
3283,19.70543308563451
10516,21.67916227595467
9967,20.93541234017759
4260,21.184476840889754
5103,22.85331263613749
9916,22.423009774049955
3632,25.399266562577065
1200,23.60837830369404
3106,21.52886750450913
7144,21.820000307196132
8223,22.514610322153587
1298,22.836318253995387
8572,21.955669188455143
1544,22.94723874306812
5220,23.44273850302796
2929,21.437654223395295
2804,25.537708522126163
5369,21.528924110359828
5639,19.179960057886515
10560,22.04213287895195
7130,22.778015394713318
10459,21.29044639028318
10271,27.487011954731727
9062,21.21890402434171
3161,21.52454543431821
3187,21.548709760537097
7450,21.275900901270493
3643,21.62426544536906
11026,22.7949739125601
6636,21.81619610435924
4552,24.837956802592423
6046,22.22687573281442
9421,24.145030701288068
7927,23.72772905421085
1223,21.222504914589138
9862,21.597359299366214
8762,22.005966872476765
8357,21.083524518149037
4661,23.707371581688086
5775,21.507234843204323
2270,21.648004302934247
7157,22.25697377172399
5049,22.89394604605037
3861,27.31137976063176
1134,25.0206585288148
8044,21.553165161452345
2946,22.819811141293542
680,21.925587314587546
8851,23.476718035572507
552,22.82337967716213
9846,21.422273633383956
3099,23.204675370614574
10406,21.085240675901467
8468,29.219508237263287
2203,22.965616983926562
6450,21.56317662455326
5068,21.779477265923802
1964,21.33387983588425
285,21.8456859432929
5787,21.847985145474375
3043,28.10438436491279
9608,21.379870956303456
7872,21.809506433875782
6343,22.326955081696266
1550,21.117691815475588
2736,22.962811314300676
4875,21.35934085396657
2738,22.41968126300715
7059,20.702220762743085
255,21.407732825050463
9428,21.139900025242905
1629,21.86394121005288
10588,25.473367258660662
638,22.451094019698417
11175,21.62892474293907
6438,22.244842783353647
4753,21.702633254464516
7569,21.49072463621386
5162,22.692094213015057
84,22.54026238361445
4939,21.29369547234568
8922,22.789247409446876
5888,21.78025220882868
2587,24.86173662669118
6453,21.376000606844517
5954,21.164666986547743
9403,21.733974399728574
812,21.73652173611016
2399,25.658422580994483
1739,21.828847030489218
11262,22.925019729848266
8402,21.91297475863989
4423,20.09999450795534
738,27.098904552681848
5447,22.23386882379268
1425,21.384907932435894
8843,22.23969411101537
10988,22.15654839123376
4931,21.31015057458927
740,19.884989150088867
1294,22.793178124903573
10925,21.991179637514065
7237,27.713971287281083
9757,22.687462834070885
1909,27.420019541357128
6074,22.030702653171318
7572,21.98769959732689
6815,22.717814251848782
1728,24.398201346822848
6164,25.500800485284994
6382,21.192734065741654
7259,22.53850291969998
8664,21.32934405820082
9207,19.99052706563599
5231,22.795182803414743
9058,22.133048485582542
6827,22.155725315385972
334,21.202687549855835
266,23.87608654274536
11221,20.7005273566242
6175,27.867676221340382
7399,22.21574242396954
4877,22.132708943062802
3953,22.11638354063186
11324,32.54762269980201
5034,22.199943932767567
887,24.868225715583485
7945,21.22658567286701
5793,24.075303007410174
604,22.438106009011396
5300,21.314218746835184
5691,22.122027692813415
3422,22.80032894751415
9654,20.22066964467896
5789,24.24968216635448
1121,23.446685246705368
4830,20.801048324141217
3525,23.166809016687147
7922,21.012213478069608
10304,21.69283111581169
8795,23.461297879004533
2381,21.183515901815476
11146,21.631895856962675
3072,21.454968723258062
909,17.94877626412725
6373,19.325018588029995
6463,21.664338579613652
7161,23.367308617188872
7292,21.328005978038448
10305,21.58296066063468
5479,21.335060362903867
9422,21.458048994405917
8759,24.23116430895648
4127,22.196835429945438
6358,30.411768587998534
8611,20.30589486428886
9848,22.016109152989976
1486,21.88971703885293
7878,22.093886195229835
9326,30.043607900111173
518,22.429445310440936
1578,21.72867303031733
4442,21.754402163560776
2607,20.89353313809597
3507,21.41283458351723
5218,21.36381257783483
11185,26.490956590838568
9702,21.84570134917598
3117,21.247046854681845
6742,21.07318833447131
267,21.31255429789002
2775,24.14325669024658
8137,22.899343351481754
1387,25.11299863584317
10880,21.367227379447023
596,23.746894323270734
4175,23.83099481839534
5266,22.03253699271837
7410,29.145139313937648
7213,22.928677569087156
600,22.042749673381817
1888,21.45997620234544
1105,21.258446194271954
7392,23.373224675477612
1877,22.500662318624567
6588,22.42868028926727
6980,22.29685634569326
5881,25.36290134350515
3231,22.11238593406139
10762,22.363899299773006
3349,21.446767744643886
2968,21.150978591565423
10178,21.15696687412979
9198,21.90954997733027
9012,22.224363164490878
5694,22.11905061169216
2670,22.350301812947745
849,21.740039011498467
10322,21.445659396488452
3907,20.54634239121344
8459,20.281910376910403
2726,22.10768877458263
8497,22.125703176010315
1646,21.825956283299565
3562,23.078344115772246
3892,22.10727305020955
5871,21.170300593729504
8910,31.836108917383388
9409,21.067370990048445
7135,20.681084690438148
9842,21.582288204933548
10083,24.66276226414479
4671,21.545035827683407
9343,22.08337170159574
630,21.284769484046308
9441,22.376441113171076
6898,22.440581343958744
7970,21.352951062825653
1315,22.676384486205038
9783,30.9148901963348
2651,21.035647706143678
6821,21.326293917973352
9401,21.737681783770146
70,25.357581229442548
4987,21.728404523013086
6426,21.56314251950691
3094,23.07979129287981
253,22.299418136384006
4950,22.544293537894884
2844,23.235471635524533
3200,21.827534158999324
10401,23.864451746109886
9160,23.080216409019215
8607,21.146328483967814
10866,22.811876181058835
8705,17.837109961299955
11135,23.01533800381751
8375,21.387134531486844
4276,21.730878673938555
10525,22.378336838356322
2899,22.09967930124006
8407,23.664814523847678
5624,22.428053220341152
1421,21.125082663281347
959,22.061779163038228
3837,22.149203441058557
4509,21.114309121366293
10018,21.25232473529499
10039,21.217461988492374
8214,23.012602598620926
3429,23.198483139685173
9512,20.868225839068664
10153,22.221500271404754
6280,22.44317769360202
1343,21.39357206188953
10283,22.18681307403698
1416,21.10498777638738
9951,21.551537564657494
3559,21.33657562120389
5018,20.690276439616994
5982,21.450857551909277
9768,25.53629969868421
402,21.74245119222887
6405,21.438304032919802
564,21.33062554888385
8752,20.590523635658446
10860,24.240116570078573
3501,22.426589319796907
1876,21.315699412922292
1176,22.391536697677736
9267,21.825924808461092
8065,21.055571290673058
8389,21.230417245619336
10429,28.14600828506623
582,21.958360627646634
3815,24.75093442613791
7339,23.614557416228468
9049,21.7768670406776
8058,23.58651155762409
4144,21.39742257563475
848,21.00240385861229
10919,21.47616174359366
7086,21.92050035387164
10195,21.300928007865362
2187,20.449344771685972
10845,21.385014686668384
4126,21.030544416839927
3595,21.272005585382608
10267,23.081075156794803
10569,21.712342064510814
4396,22.669094154361723
